date,ad_male,yearling_male,ad_female,yearling_female,yearling,calf,unknown,group_size,area,collar ID of group members,lat,long,notes
07-May-16,0,0,6,4,4,0,0,10,CapeCove,FO2016012,,,
07-May-16,0,0,6,4,4,0,0,10,CapeCove,FO2016015,,,
08-May-16,0,0,2,0,0,0,0,2,Seldom,FO2016006,,,
23-May-16,0,0,3,0,0,0,0,3,Turpins,FO2016010,49.73644,54.15189,
24-May-16,0,0,3,0,0,0,0,3,CapeCove,FO2016008,49.68351,54.05461,
29-May-16,0,0,2,1,1,0,0,3,Turpins,FO2016010,49.74597,54.15164,
02-Jun-16,0,0,1,0,0,0,0,1,WesternIndianIsland,FO2016001,49.54066,54.32888,
02-Jun-16,0,0,1,0,0,1,0,2,WesternIndianIsland,FO2016016,49.74708,54.13676,
03-Jun-16,0,0,1,0,0,1,0,2,Turpins,FO2016010 & FO2016017,49.74614,54.11867,
03-Jun-16,0,0,2,0,0,2,0,4,Turpins,FO2016018,49.65954,54.01407,
07-Jun-16,0,0,1,0,0,1,0,2,CapeCove,FO2016012,49.65403,54.0121,
07-Jun-16,0,0,5,0,0,4,0,9,CapeCove,FO2016014,49.69424,54.07601,
08-Jun-16,0,0,2,0,0,1,0,3,Tilting,FO2016015,49.73283,54.13828,
10-Jun-16,0,0,2,0,0,1,0,3,Turpins,,,,
10-Jun-16,0,0,2,0,0,2,4,8,Turpins,,,,
10-Jun-16,0,0,1,0,0,1,0,2,Turpins,,,,
11-Jun-16,1,0,2,0,0,0,0,3,Turpins,FO2016015,49.71519,54.10828,
11-Jun-16,0,0,0,0,0,0,1,1,Turpins,,,,
11-Jun-16,0,0,1,0,0,0,0,1,Turpins,,,,
11-Jun-16,0,0,1,0,0,0,0,1,Turpins,,,,
11-Jun-16,0,0,1,0,0,1,0,2,Turpins,,,,
11-Jun-16,0,0,0,1,1,0,0,1,Turpins,,,,
11-Jun-16,0,0,0,1,1,0,0,1,Turpins,,,,
11-Jun-16,0,0,0,3,3,0,0,3,Turpins,,,,
11-Jun-16,0,0,0,1,1,0,0,1,Turpins,,,,
12-Jun-16,0,0,1,0,0,1,0,2,LionsDen,FO2016004,49.71519,54.10828,
12-Jun-16,0,0,1,0,0,0,0,1,ShoalBay,FO2016005,49.66462,54.19666,
12-Jun-16,0,0,1,0,0,1,0,2,ShoalBay,FO2016020,49.70377,54.24909,
14-Jun-16,0,0,1,0,0,0,0,1,ShoalBay,FO2016005,49.66415,54.19545,
16-Jun-16,0,0,1,0,0,1,0,2,JBA,FO2016010 & FO2016017,49.747,54.13562,
16-Jun-16,0,0,0,2,2,0,0,2,JBA,,,,
16-Jun-16,0,0,0,1,1,0,0,1,JBA,,,,
16-Jun-16,0,0,2,0,0,2,0,4,JBA,,,,
16-Jun-16,0,0,0,1,1,0,0,1,JBA,,,,
16-Jun-16,0,0,2,3,3,2,0,7,JBA,,,,
16-Jun-16,0,0,2,3,3,4,0,9,JBA,,,,
16-Jun-16,0,0,0,1,1,0,0,1,JBA,,,,
16-Jun-16,0,0,0,2,2,0,0,2,JBA,,,,
16-Jun-16,1,0,0,1,1,0,0,2,JBA,,,,
17-Jun-16,0,0,1,0,0,0,0,1,Tilting,FO2016015,,,
17-Jun-16,0,0,1,0,0,1,0,2,Tilting,,,,
18-Jun-16,0,0,3,3,3,3,0,9,LionsDen,FO2016003 & FO2016004,49.72028,54.24337,
18-Jun-16,0,0,0,1,1,0,0,1,LionsDen,,,,
18-Jun-16,0,0,0,3,3,0,0,3,LionsDen,,,,
18-Jun-16,0,0,0,2,2,0,0,2,LionsDen,,,,
18-Jun-16,0,0,0,1,1,0,0,1,LionsDen,,,,
19-Jun-16,0,0,1,1,1,1,0,3,LionsDen,FO2016003,49.71449,54.2341,
19-Jun-16,0,0,1,0,0,1,0,2,LionsDen,FO2016004,49.71299,54.2351,
19-Jun-16,0,0,1,0,0,0,0,1,ShoalBay,FO2016005,49.65735,54.19129,
19-Jun-16,0,2,0,0,2,0,0,2,ShoalBay,,,,
19-Jun-16,0,0,1,0,0,1,0,2,LionsDen,,,,
20-Jun-16,0,0,4,0,0,2,3,9,CapeCove,FO2016008 & FO2016012,49.65445,54.01452,possible coyote predation on this group
20-Jun-16,0,0,1,0,0,1,0,2,CapeCove,,,,
20-Jun-16,0,0,0,1,1,0,0,1,CapeCove,,,,
20-Jun-16,0,0,0,0,0,0,1,1,CapeCove,,,,
20-Jun-16,0,0,0,0,0,0,1,1,CapeCove,,,,
20-Jun-16,0,0,0,0,0,0,3,3,CapeCove,,,,
20-Jun-16,0,0,1,0,0,0,0,1,CapeCove,,,,
20-Jun-16,0,0,0,1,1,0,0,1,CapeCove,,,,
20-Jun-16,0,0,0,0,0,0,1,1,CapeCove,,,,
21-Jun-16,0,1,0,2,3,0,0,3,LionsDen,,,,
21-Jun-16,0,0,0,1,1,0,0,1,LionsDen,,,,
22-Jun-16,0,0,1,0,0,0,0,1,CapeCove,FO2016012,49.67949,54.05512,
22-Jun-16,0,0,1,1,1,1,0,3,CapeCove,,,,
22-Jun-16,0,0,0,1,1,0,0,1,CapeCove,,,,
22-Jun-16,0,0,0,1,1,0,0,1,CapeCove,,,,
22-Jun-16,0,0,0,1,1,0,0,1,CapeCove,,,,
22-Jun-16,0,0,1,2,2,1,0,4,CapeCove,,,,
23-Jun-16,0,0,2,0,0,1,0,3,WesternIndianIsland,FO2016001,49.53819,54.32543,
23-Jun-16,0,0,3,0,0,2,0,5,WesternIndianIsland,FO2016001,,,FO001 merged with new group 
23-Jun-16,1,0,1,0,0,0,0,2,WesternIndianIsland,FO2016011,49.5579,54.24851,
23-Jun-16,1,0,0,0,0,0,0,1,WesternIndianIsland,,,,
23-Jun-16,0,0,0,1,1,0,0,1,WesternIndianIsland,,,,
23-Jun-16,1,0,2,1,1,0,0,4,WesternIndianIsland,,,,
23-Jun-16,0,0,1,0,0,1,0,2,WesternIndianIsland,,,,
23-Jun-16,0,0,0,1,1,0,0,1,WesternIndianIsland,,,,
23-Jun-16,1,0,0,0,0,0,0,1,WesternIndianIsland,,,,
23-Jun-16,0,0,0,1,1,0,0,1,WesternIndianIsland,,,,
24-Jun-16,0,0,0,1,1,1,0,2,LionsDen,FO2016003,49.71937,54.23086,
24-Jun-16,0,0,0,1,1,0,0,1,LionsDen,FO2016004,49.71714,54.22917,
24-Jun-16,0,0,0,0,0,1,0,1,LionsDen,,,,
25-Jun-16,0,0,1,3,3,0,0,4,JBA,FO2016002,49.74934,54.15349,
25-Jun-16,0,0,1,0,0,0,0,1,JBA,FO2016002,,,FO002 moved away from group and was seen ~1 hour later
25-Jun-16,0,0,3,4,4,3,0,10,JBA,FO2016010 & FO2016017,49.7497,54.1515,
25-Jun-16,1,0,0,0,0,0,0,1,JBA,,,,
25-Jun-16,0,0,0,0,0,0,2,2,JBA,,,,
25-Jun-16,0,0,0,1,1,0,0,1,JBA,,,,
25-Jun-16,0,0,0,0,0,0,1,1,JBA,,,,
25-Jun-16,0,0,1,0,0,1,0,2,JBA,,,,
25-Jun-16,0,0,0,1,1,0,0,1,JBA,,,,
25-Jun-16,0,0,0,0,0,0,1,1,JBA,,,,
25-Jun-16,0,0,0,0,0,0,1,1,JBA,,,,
25-Jun-16,0,0,0,1,1,0,0,1,JBA,,,,
25-Jun-16,0,0,0,1,1,0,0,1,JBA,,,,
26-Jun-16,0,0,1,0,0,0,0,1,Tilting,FO2016014,49.7071,54.0947,
26-Jun-16,0,0,1,0,0,0,0,1,Tilting,FO2016015,49.72075,54.10155,
26-Jun-16,1,0,0,0,0,0,0,1,Tilting,,,,
28-Jun-16,0,0,1,0,0,0,0,1,BarrIsland,FO2016009,49.70374,54.18029,
28-Jun-16,0,0,1,3,3,1,0,5,JBA,FO2016010 & FO2016017,49.74903,54.1634,
28-Jun-16,0,0,6,0,0,6,0,12,JBA,FO2016019,49.74903,54.1634,
28-Jun-16,0,0,1,1,1,1,0,3,JBA,,,,
28-Jun-16,0,0,1,0,0,1,0,2,JBA,,,,
28-Jun-16,0,0,0,3,3,0,0,3,JBA,,,,
28-Jun-16,0,0,0,0,0,0,0,0,JBA,,,,
28-Jun-16,0,0,0,0,0,0,0,0,JBA,,,,
29-Jun-16,0,0,1,0,0,0,0,1,CapeCove,FO2016012,49.65588,54.01046,
29-Jun-16,0,0,0,0,0,0,1,1,CapeCove,,,,
29-Jun-16,0,0,0,1,1,0,0,1,CapeCove,,,,
29-Jun-16,0,0,1,0,0,0,0,1,CapeCove,,,,
29-Jun-16,0,0,1,0,0,0,0,1,CapeCove,,,,
29-Jun-16,0,0,2,2,2,0,0,4,CapeCove,,,,
01-Jul-16,0,0,1,0,0,0,0,1,WesternIndianIsland,FO2016001,49.54699,54.28189,
01-Jul-16,0,1,0,0,1,0,0,1,WesternIndianIsland,,,,
01-Jul-16,1,0,0,0,0,0,0,1,WesternIndianIsland,,,,
01-Jul-16,1,0,1,0,0,0,0,2,WesternIndianIsland,,,,
01-Jul-16,0,1,0,0,1,0,0,1,WesternIndianIsland,,,,
01-Jul-16,0,0,1,0,0,0,0,1,WesternIndianIsland,,,,
01-Jul-16,0,0,0,0,0,0,1,1,WesternIndianIsland,,,,
02-Jul-16,0,0,6,0,0,7,0,13,JBA,FO2016019,49.74905,54.1548,
02-Jul-16,0,0,1,0,0,0,0,1,JBA,,,,merged with rest of group above
02-Jul-16,0,0,1,0,0,1,0,2,JBA,,,,
02-Jul-16,0,0,1,2,2,2,0,5,JBA,,,,
15-Jul-16,0,0,4,2,2,1,0,7,JBA,FO2016010,49.73574,54.13034,
15-Jul-16,0,0,2,0,0,1,0,3,JBA,FO2016019,49.73788,54.13086,
15-Jul-16,0,0,1,0,0,0,0,1,LionsDen,,,,
15-Jul-16,0,0,0,1,1,0,0,1,JBA,,,,
16-Jul-16,0,0,1,0,0,1,0,2,LionsDen,FO2016004,49.71288,54.22895,
16-Jul-16,0,0,0,0,0,0,2,2,LionsDen,,,,
16-Jul-16,0,0,0,1,1,0,0,1,LionsDen,,,,
17-Jul-16,0,0,1,0,0,0,0,1,BarrIsland,FO2016009,49.70503,54.16524,
18-Jul-16,1,0,1,0,0,0,0,2,WesternIndianIsland,FO2016011,49.55758,54.25117,
18-Jul-16,0,0,1,0,0,1,0,2,WesternIndianIsland,,,,
18-Jul-16,0,0,1,0,0,1,0,2,WesternIndianIsland,,,,
18-Jul-16,0,0,1,0,0,1,0,2,WesternIndianIsland,,,,
18-Jul-16,0,0,0,0,0,4,0,4,WesternIndianIsland,,,,
18-Jul-16,0,0,0,1,1,0,0,1,WesternIndianIsland,,,,
18-Jul-16,0,0,0,1,1,0,0,1,WesternIndianIsland,,,,
21-Jul-16,0,0,1,0,0,1,0,2,BarrIsland,FO2016002,49.70085,54.14774,
21-Jul-16,0,1,1,0,1,0,0,2,JBA,,,,
22-Jul-16,0,0,1,0,0,0,0,1,Fogo,,,,
22-Jul-16,0,0,1,0,0,1,0,2,Tilting,,,,
22-Jul-16,0,0,0,0,0,0,2,2,Tilting,,,,One in group was likely FO2016014
23-Jul-16,0,0,1,0,0,0,0,1,CentreIsland,FO2016005,49.66346,54.21351,
24-Jul-16,0,0,1,0,0,0,0,1,Tilting,FO2016015,49.69698,54.08666,
24-Jul-16,0,0,1,0,0,0,0,1,Seldom,,,,
06-Aug-16,0,0,1,0,0,0,0,1,LionsDen,FO2016004,49.70793,54.25183,
06-Aug-16,1,0,0,0,0,0,0,1,LionsDen,,,,
06-Aug-16,1,0,0,0,0,0,0,1,LionsDen,,,,
06-Aug-16,0,0,0,1,1,0,0,1,LionsDen,,,,
06-Aug-16,0,0,0,0,0,1,0,1,LionsDen,,,,
07-Aug-16,0,0,1,0,0,0,0,1,BarrIsland,FO2016002,49.70417,54.15831,
08-Aug-16,0,0,1,0,0,1,0,2,EasternIndianIsland,FO2016011,49.53418,54.24353,
08-Aug-16,0,0,1,0,0,1,0,2,EasternIndianIsland,,,,
08-Aug-16,1,0,0,0,0,0,0,1,EasternIndianIsland,,,,
12-Aug-16,1,0,5,0,0,1,0,7,JBA,FO2016010,49.73482,54.15817,
12-Aug-16,0,0,0,0,0,1,0,1,JBA,FO2016019,49.73055,54.13921,
12-Aug-16,0,0,1,0,0,0,0,1,JBA,,,,
12-Aug-16,0,0,1,0,0,0,0,1,LionsDen,,49.70489,54.25211,
15-Aug-16,0,0,1,0,0,0,0,1,Tilting,FO2016014,49.6876,54.10097,
15-Aug-16,0,0,1,0,0,0,0,1,Tilting,FO2016015,49.69703,54.08226,
16-Aug-16,0,0,1,0,0,0,0,1,Seldom,FO2016007,49.60919,54.23509,
17-Aug-16,0,0,1,0,0,0,0,1,CapeCove,FO2016012,49.65554,54.01749,
18-Aug-16,0,0,2,0,0,0,0,2,JBA,FO2016010,49.74382,54.13018,
19-Aug-16,1,0,1,0,0,1,0,3,LionsDen,FO2016004,49.71426,54.24652,
19-Aug-16,1,0,0,0,0,0,0,1,LionsDen,,,,
19-Aug-16,0,0,1,0,0,0,0,1,LionsDen,,,,
21-Aug-16,0,0,1,0,0,1,0,2,LionsDen,FO2016003,49.70825,54.22818,
22-Aug-16,0,0,3,0,0,2,0,5,EasternIndianIsland,FO2016011,49.53563,54.23725,
22-Aug-16,0,0,1,0,0,1,0,2,EasternIndianIsland,,,,
23-Aug-16,0,0,1,0,0,0,0,1,BarrIsland,FO2016002,49.66346,54.21351,
25-Aug-16,0,0,1,0,0,0,0,1,Tilting,FO2016015,49.68255,54.0841,
25-Aug-16,0,0,1,0,0,0,0,1,Tilting,,,,
29-Aug-16,0,0,1,0,0,1,0,2,EasternIndianIsland,FO2016011,49.53646,54.20886,
29-Aug-16,2,0,0,0,0,0,0,2,EasternIndianIsland,,,,
12-Oct-16,1,0,7,0,0,2,0,10,JBA,FO2016010,49.7396,54.1514,"harem, male with 6 point antler"
02-Dec-16,0,0,0,0,0,0,31,31,SoccerField (centre island),FO2016006,54.22085,49.66553,
02-Dec-16,0,0,8,0,0,2,0,9,BaseballField (JBA),FO2016010,,,
03-Dec-16,2,0,7,0,0,0,0,9,LionsDen,FO2016003 & FO2016004,49.71045,54.2387,
03-Dec-16,0,0,2,0,0,1,0,3,,,,,
03-Dec-16,0,0,0,0,0,0,9,9,BaseballField (JBA),,,,
30-Apr-17,1,0,5,0,0,0,0,6,Seldom,,49.61747,54.18895,frontyard in Seldom
01-May-17,0,0,0,0,0,0,9,9,JBA,FO2016010,,,
01-May-17,0,0,0,0,0,0,12,12,JBA,FO2017011,,,
01-May-17,4,0,0,0,0,0,0,4,StagHarbour,,49.57766,54.29737,
02-May-17,0,0,1,0,0,0,9,10,LionsDen,FO2016004,49.71846,54.25141,
02-May-17,0,0,2,0,0,0,8,10,DeepBay,FO2017014 & FO2017004,49.65377,54.24835,
26-May-17,0,0,1,0,0,0,0,4,CapeCove,FO2016012,49.65051,54.0321,
26-May-17,0,0,3,0,0,0,0,3,CapeCove,FO2016014,49.66798,54.04958,
26-May-17,1,0,3,0,0,0,4,8,CapeCove,FO2017010,49.6516,54.04033,
26-May-17,0,0,1,0,0,0,0,2,CapeCove,FO2017010,49.66621,54.016,
26-May-17,0,0,2,0,0,0,1,3,CapeCove,,,,
26-May-17,0,0,3,0,0,0,1,4,CapeCove,,49.6505,54.03077,
26-May-17,0,0,1,0,0,0,0,1,CapeCove,,49.65608,54.00632,
26-May-17,0,0,1,0,0,0,0,1,CapeCove,,49.6597,54.01579,
26-May-17,0,0,0,0,0,0,0,2,CapeCove,,,,
26-May-17,0,0,0,0,0,0,0,0,CapeCove,,,,
26-May-17,1,0,2,0,0,0,0,4,CapeCove,,,,
27-May-17,0,0,1,0,0,1,0,2,Tilting,FO2016015 & FO2017015,49.69492,54.08415,
27-May-17,0,0,6,0,0,0,0,8,JBA,FO2017011,49.73431,54.12032,
27-May-17,0,0,1,0,0,0,0,1,JBA,,49.73364,54.12576,
27-May-17,1,0,0,0,0,0,0,1,Tilting,,49.7027,54.07421,
28-May-17,0,1,1,1,2,0,0,3,LionsDen,FO2016003,49.71696,54.24237,Ad fem had udder
28-May-17,1,0,0,0,0,0,0,1,LionsDen,,49.7197,54.23756,
28-May-17,0,0,0,0,0,0,1,1,LionsDen,,49.71541,54.23634,
29-May-17,0,0,1,0,0,0,0,2,CentreIsland,FO2016009,49.69172,54.16021,Female looks pregnant
29-May-17,1,0,1,0,0,0,0,5,WesternIndianIsland,FO2016011,49.54773,54.25165,
29-May-17,1,0,5,0,0,0,0,8,WesternIndianIsland,FO2017002,49.54671,54.24768,
29-May-17,0,0,0,0,0,0,0,1,WesternIndianIsland,,49.55622,54.25031,
29-May-17,0,0,1,0,0,0,0,1,WesternIndianIsland,,49.54788,54.25264,
30-May-17,0,0,1,0,0,0,0,4,Fogo,FO2016003,49.4201,54.15355,Female had udder
30-May-17,0,0,5,0,0,0,0,5,Turpins,FO2016010 & FO2017011,49.42547,54.05017,All adults look pregnant
30-May-17,0,0,3,0,0,0,0,4,WesternIndianIsland,FO2017002,49.54515,54.28114,
30-May-17,0,0,1,0,0,0,0,1,Turpins,,49.71715,54.10009,"2 antlers, very pregnant"
30-May-17,0,0,1,0,0,0,0,1,Turpins,,49.72601,54.10931,pregnant
30-May-17,0,0,0,0,0,0,0,1,Turpins,,49.73188,54.11279,
30-May-17,0,0,1,0,0,0,0,1,Turpins,,49.72234,54.09189,pregnant
30-May-17,0,0,1,0,0,0,0,1,Turpins,,49.72108,54.09209,pregnant
30-May-17,0,0,1,0,0,0,0,1,Turpins,,49.72061,54.09116,pregnant
30-May-17,1,0,0,0,0,0,0,1,WesternIndianIsland,,49.54662,54.24704,Caribou swam across from W to E Indian Island took ~9 mins; foraging on other side; lat long is start point
30-May-17,1,0,0,0,0,0,0,1,WesternIndianIsland,,49.54659,54.24669,
30-May-17,1,0,4,0,0,0,0,7,WesternIndianIsland,,49.54782,54.25747,
30-May-17,0,0,0,0,0,0,0,1,WesternIndianIsland,,49.53939,54.32747,
30-May-17,0,0,1,0,0,0,0,1,WesternIndianIsland,,49.55226,54.27206,
30-May-17,0,0,2,0,0,0,0,3,WesternIndianIsland,,49.53947,54.32077,
30-May-17,0,0,2,0,0,0,0,2,WesternIndianIsland,,49.54086,54.31423,
31-May-17,0,0,1,1,1,0,0,8,JBA,FO2016019 (ear tag only),49.73342,54.159,
31-May-17,0,0,1,0,0,0,0,1,DeepBay,FO2017014,49.6497,54.27634,Pregnant
31-May-17,1,0,0,0,0,0,0,1,DeepBay,,49.65912,54.27806,
31-May-17,1,0,0,0,0,0,0,1,DeepBay,,49.65211,54.28203,
31-May-17,0,0,0,1,1,0,0,1,DeepBay,,49.66707,54.26361,
31-May-17,0,0,1,0,0,0,0,1,JBA,,49.73421,54.15864,
31-May-17,0,0,1,0,0,0,0,1,JBA,,49.74642,54.12112,Pregnant
31-May-17,0,0,1,0,0,0,0,1,JBA,,49.745,54.13736,Pregnant
01-Jun-17,0,0,1,0,0,1,0,2,Tilting,FO2016015 & FO2017015,49.69918,54.09286,
01-Jun-17,0,0,1,0,0,0,0,1,Tilting,FO2017009,49.69402,54.07569,Non-preg
01-Jun-17,0,0,1,0,0,1,0,2,Turpins,FO2017016,49.72895,54.10777,
01-Jun-17,0,0,1,0,0,0,0,1,Tilting,,49.70028,54.0906,Pregnant
01-Jun-17,0,0,1,0,0,1,0,2,CapeCove,,49.65862,54.02966,Calf fairly old
01-Jun-17,0,0,2,0,0,0,0,2,CapeCove,,49.6593,54.0447,
01-Jun-17,0,0,1,0,0,0,0,2,CapeCove,,49.66564,54.0177,
01-Jun-17,0,0,1,0,0,0,0,1,CapeCove,,49.65668,54.01223,
01-Jun-17,0,0,0,0,0,0,1,1,CapeCove,,49.66424,54.03412,
01-Jun-17,0,0,2,0,0,0,0,3,CapeCove,,49.65603,54.00642,
01-Jun-17,0,0,1,0,0,0,0,1,CapeCove,,49.65416,54.00201,
01-Jun-17,0,0,1,0,0,1,0,3,CapeCove,,49.65369,54.01797,Likely same as above
01-Jun-17,0,0,1,0,0,1,0,2,Turpins,,49.72895,54.10777,Captured
02-Jun-17,0,0,1,0,0,1,0,2,LionsDen,FO2016004 & FO2017018,49.7112,54.24448,
02-Jun-17,0,0,1,0,0,1,0,2,JBA,FO2016010,49.74005,54.10517,Captured
02-Jun-17,0,0,1,0,0,1,0,2,CapeCove,FO2016013,49.66141,54.00885,Failed capture attempt
02-Jun-17,0,0,6,0,0,0,0,12,JBA,FO2017011 & FO2016019,49.73342,54.159,3 females pregnant
02-Jun-17,0,0,1,0,0,1,0,2,LionsDen,FO2017018,49.70711,54.2546,
02-Jun-17,0,0,1,0,0,0,0,1,CapeCove,,49.66306,54.02081,
02-Jun-17,0,0,1,0,0,0,0,3,CapeCove,,49.66135,54.01701,
02-Jun-17,0,0,0,0,0,0,0,1,LionsDen,,49.70825,54.24681,
02-Jun-17,0,0,1,0,0,0,0,1,JBA,,49.7425,54.14198,Female had udder
03-Jun-17,0,1,2,1,2,0,0,4,CentreIsland,FO2016005,49.66154,54.17587,
03-Jun-17,0,0,2,0,0,1,0,3,CentreIsland,FO2016009,49.69861,54.16377,
03-Jun-17,1,0,1,0,0,0,0,2,DeepBay,FO2017014,49.65883,54.27601,possibly lost her calf
03-Jun-17,0,0,1,0,0,0,0,2,Turpins,FO2017020,49.72208,54.11102,
03-Jun-17,0,0,0,0,0,0,0,1,CentreIsland,,49.67005,54.16294,
03-Jun-17,0,0,1,0,0,0,0,1,Turpins,,49.72201,54.11904,
03-Jun-17,0,1,0,0,1,0,0,2,Turpins,,49.73115,54.11612,Female looks pregnant
03-Jun-17,0,0,1,0,0,1,0,2,Turpins,,49.73287,54.11313,Failed capture attempt
04-Jun-17,0,0,0,0,0,0,0,0,CapeCove,FO2016013,,,"Downloaded, but didn't see"
04-Jun-17,0,0,1,0,0,0,0,1,JBA,FO2017011,49.73561,54.11797,Pregnant
04-Jun-17,0,0,1,0,0,1,0,2,CapeCove,FO2017021,49.64948,54.02271,
04-Jun-17,0,0,1,0,0,0,0,1,JBA,,49.72571,54.12751,
04-Jun-17,0,0,1,0,0,0,0,3,JBA,,49.1432,54.1432,
04-Jun-17,0,0,1,0,0,1,0,2,JBA,,49.74301,54.14484,Captured
04-Jun-17,1,0,0,0,0,0,0,1,CapeCove,,49.66631,54.04438,
04-Jun-17,2,0,1,0,0,0,0,5,CapeCove,,49.66742,54.04115,
05-Jun-17,0,0,1,0,0,0,0,1,Fogo,FO2016003,49.69894,54.26738,no calf
05-Jun-17,0,0,1,0,0,1,0,2,JBA,FO2017022,49.72973,54.12467,
05-Jun-17,0,0,1,0,0,0,0,1,JBA,,49.72586,54.11919,pregnant
06-Jun-17,0,0,1,0,0,0,0,1,CentreIsland,FO2016005,49.66747,54.19647,pregnant
06-Jun-17,0,0,1,0,0,1,0,2,CentreIsland,FO2016009 & FO2017023,49.68997,54.15313,
06-Jun-17,0,0,1,0,0,1,0,2,LionsDen,,49.71138,54.23251,Captured
06-Jun-17,0,0,1,0,0,0,0,1,LionsDen,,49.71914,54.25985,no calf
06-Jun-17,1,0,1,0,0,0,0,7,LionsDen,,49.71914,54.25985,
07-Jun-17,0,0,2,0,0,0,0,4,JBA,FO2017011 & FO2016019,49.72851,54.13165,FO2017011 still pregnant
08-Jun-17,0,0,1,0,0,0,0,1,Seldom,FO2016002,49.62473,54.16385,Downloaded pregnant
09-Jun-17,0,0,9,0,0,5,0,14,CapeCove,FO2016014 & FO2017010 & FO2017021,49.65202,54.03766,May have been 6 calves. Tried to capture at Lloyd's cabin but babies too quick
10-Jun-17,0,0,1,0,0,1,0,2,Turpins,FO2017011 & FO2017025,49.72783,54.09626,Successful capture
10-Jun-17,0,0,2,0,0,0,0,4,Turpins,,49.72575,54.09501,
11-Jun-17,0,0,1,0,0,0,0,1,CentreIsland,,49.66169,54.17804,
12-Jun-17,0,0,3,0,0,3,0,10,WesternIndianIsland,FO2017002,49.55383,54.27414,FO2017002 had a calf
12-Jun-17,0,0,2,0,0,1,0,3,WesternIndianIsland,FO2017013,49.55414,54.27079,FO2017013 had a calf
12-Jun-17,0,0,1,0,0,0,0,1,WesternIndianIsland,,49.54293,54.31408,
12-Jun-17,1,0,0,0,0,0,0,1,WesternIndianIsland,,49.54729,54.27583,
13-Jun-17,0,0,1,0,0,0,0,1,Stag Harbour,,49.57738,54.29915,
29-Jun-17,0,0,1,0,0,0,0,1,Tilting,FO2017006,49.70103,54.09971,Not sure if this is male or female…
29-Jun-17,0,0,2,0,0,1,0,4,Tilting,FO2017010,49.7034,54.09661,
29-Jun-17,0,0,1,0,0,0,0,1,Tilting,,49.68851,54.10006,
29-Jun-17,0,0,1,0,0,0,0,1,Tilting,,49.6857,54.09186,
30-Jun-17,0,0,1,0,0,1,0,2,LionsDen,FO2016003,49.71551,54.24214,
30-Jun-17,0,0,1,0,0,1,0,2,LionsDen,,49.71542,54.24158,
30-Jun-17,0,0,1,0,0,1,0,2,LionsDen,,49.7145,54.24172,
30-Jun-17,0,0,1,0,0,1,0,2,LionsDen,,49.71445,54.23394,
01-Jul-17,0,0,7,0,0,7,0,14,JBA,FO2016010 & FO207016 & FO2017019,49.74348,54.10826,
01-Jul-17,0,0,5,0,0,3,0,8,JBA,FO2017011 & FO2017025,49.73465,54.10352,
01-Jul-17,0,0,1,0,0,0,0,1,JBA,,49.73301,54.11169,
01-Jul-17,0,0,2,0,0,0,0,2,JBA,,49.73291,54.10595,
01-Jul-17,0,2,0,0,2,0,0,2,JBA,,49.73841,54.11842,
02-Jul-17,0,0,1,0,0,0,0,1,Stag Harbour,FO2017004,49.5761,54.31597,
02-Jul-17,0,0,1,0,0,0,0,1,DeepBay,FO2017014,49.6707,54.3069,
02-Jul-17,0,0,1,0,0,0,0,1,Stag Harbour,,49.57779,54.30854,
03-Jul-17,0,0,1,0,0,0,0,1,CentreIsland,FO2016009,49.69454,54.12674,no calf with her (FO2017044)
04-Jul-17,0,0,1,0,0,1,0,2,WesternIndianIsland,FO2016011,49.56125,54.24164,
04-Jul-17,0,0,2,0,0,2,0,4,WesternIndianIsland,FO2017002,49.54512,54.27089,
04-Jul-17,0,0,1,0,0,0,0,1,WesternIndianIsland,FO2017013,49.55626,54.25935,
04-Jul-17,1,0,0,0,0,0,0,1,WesternIndianIsland,,49.54684,54.24882,
05-Jul-17,0,0,1,0,0,0,0,1,Seldom,FO2016002,49.62445,54.15298,likely no calf
05-Jul-17,0,0,1,0,0,0,0,1,LittleSeldom,FO2016007,49.61097,54.22645,no calf
07-Jul-17,0,0,1,0,0,0,0,1,Tilting,FO2016012,49.66332,54.10495,no calf
07-Jul-17,0,0,1,0,0,0,0,1,Tilting,FO2017008,49.67255,54.0994,no calf
07-Jul-17,0,0,1,0,0,0,0,1,Tilting,,49.68602,54.06757,
08-Jul-17,0,0,1,0,0,0,0,1,Turpins,FO2016015,49.72894,54.09607,
08-Jul-17,0,0,2,0,0,0,0,3,Turpins,FO2016015,49.72923,54.09427,
09-Jul-17,0,0,1,0,0,0,0,1,CentreIsland,FO2016005,49.65643,54.21566,
10-Jul-17,0,0,0,0,0,0,0,1,JBA,,49.72681,54.1465,
11-Jul-17,0,0,1,0,0,1,0,3,LionsDen,FO2016004 & FO2017018,49.72062,54.25463,
30-Aug-17,0,0,1,0,0,0,0,1,CapeCove,,49.6526,54.0079,
30-Aug-17,0,0,1,0,0,0,0,1,CapeCove,,49.66565,54.0414,
30-Aug-17,0,0,1,0,0,0,0,1,CapeCove,,49.66698,54.0405,
02-Sep-17,0,0,3,0,0,0,0,3,JBA,FO2017011,49.72835,54.15076,
03-Sep-17,0,0,1,0,0,0,0,1,LionsDen,,49.71121,54.23872,
03-Sep-17,0,0,0,0,0,1,0,1,LionsDen,,49.70957,54.23905,
03-Oct-17,1,0,3,0,0,1,0,5,LionsDen,FO2016004 & FO2017018,49.70183,54.22737,
04-Oct-17,0,0,1,0,0,0,2,3,CapeCove,FO2016008,,,Downloaded - were really far away 
04-Oct-17,0,0,1,0,0,1,0,2,Tilting,FO2017016,49.7152,54.11169,
04-Oct-17,0,0,1,0,0,1,0,2,CapeCove,FO2017022,49.657,54.04056,
04-Oct-17,1,0,1,0,0,0,0,2,CapeCove,,49.65897,54.03661,
31-Oct-17,2,2,9,6,8,0,0,19,JBA,FO2016010 & FO207016 & FO2017019 & FO2016019,49.7309,54.10784,Downloaded FO2016010
31-Oct-17,2,0,2,0,0,0,2,6,ShoalBay,,49.67898,54.18865,
02-Nov-17,1,1,3,0,1,2,0,7,Fogo,FO2016003,49.68088,54.25686,downloaded FO2016003
02-Nov-17,1,1,4,0,1,2,0,8,GravelPit,FO2016004 & FO2017018,49.69298,54.24645,downloaded FO2016004
02-Nov-17,0,0,2,0,0,1,0,3,Fogo,FO2017012,49.67073,54.26869,"downloaded FO2017012 - named ""Fargone"""
02-Nov-17,1,3,4,0,3,2,0,10,Fogo,,49.70038,54.26098,"tagged calf from 2017, but too far to tell who it was"
03-Nov-17,0,1,1,0,1,0,0,2,Seldom,FO2017004,49.6083,54.23221,attempted download - collar malfunction?
04-Nov-17,0,0,2,0,0,0,0,2,CentreIsland,,49.66436,54.1852,
04-Nov-17,0,0,0,0,0,0,5,5,CentreIsland,,,,
04-Nov-17,0,0,0,0,0,0,2,2,CentreIsland,,,,"collared animal, too far to guess who it was"
05-Nov-17,1,2,9,0,2,3,0,15,SoccerField,FO2016009 & FO2016012 & FO2017010,49.66553,54.22085,on the soccer field - focal observation for ~1.5 hrs
05-Nov-17,0,0,4,0,0,1,0,5,ShoalBay,,49.68638,54.19033,
06-Nov-17,2,0,8,2,2,2,0,14,SoccerField,FO2016005 & FO2017010 & FO2016012,49.66553,54.22085,
06-Nov-17,2,2,13,0,2,7,0,24,JBA (town),FO2016010 & FO207016 & FO2017019 & FO2016019,49.72738,54.15266,backyard in JBA
17-Nov-17,0,0,0,0,0,0,48,48,SoccerField,,49.66553,54.22085,Photo/video from Gail Penton (estimate) - at least 5 collars visible
18-Nov-17,0,0,0,0,0,0,52,52,SoccerField,,49.66553,54.22085,"counted 52 animals in photo from Lorne Oake, Lorne counted 4 collars"
19-Nov-17,0,0,0,0,0,0,68,68,SoccerField,,49.66553,54.22085,"counted 68 animals in photo from Lorne Oake, Lorne counted 10 collars and said 80 animals"
21-Nov-17,0,0,0,0,0,0,3,3,hospital,FO2016007,,,photo from Lorne Oake (estimate)
25-Nov-17,6,0,7,0,0,0,37,50,SoccerField,FO2016005 & FO2016006 & FO2016009 & FO2016013 & FO2017008 & FO2017009 & FO2017012 & FO2017027,49.66009,54.20833,
25-Nov-17,4,0,8,0,0,7,6,26,JBA (town),FO2016010 & FO207016 & FO2017019 & FO2016019,49.73159,54.15527,
25-Nov-17,6,0,6,0,0,2,9,24,SoccerField,FO2017012 & FO2016013,49.66553,54.22085,
25-Nov-17,0,0,10,0,0,3,0,14,SoccerField,,49.66553,54.22085,
25-Nov-17,0,0,2,0,0,1,0,3,SoccerField,,49.66503,54.21561,
26-Nov-17,0,0,2,0,0,2,0,4,LionsDen,FO2016003,49.70887,54.23787,
26-Nov-17,0,0,2,0,0,1,0,3,DeepBay,FO2017014,49.66092,54.25515,
26-Nov-17,0,0,1,0,0,1,0,2,SoccerField,,49.66553,54.22085,
27-Nov-17,0,0,1,0,0,1,0,2,WesternIndianIsland,FO2016011,49.55263,54.25921,
27-Nov-17,0,0,3,0,0,2,0,7,WesternIndianIsland,FO2017002,49.54933,54.25921,
27-Nov-17,1,0,1,0,0,1,0,3,WesternIndianIsland,FO2017013,49.54736,54.25819,FO2017013 possibly has brainworm - videos accompany
27-Nov-17,0,0,2,0,0,1,0,3,WesternIndianIsland,FO2017014,49.66553,54.22085,
27-Nov-17,1,0,3,0,0,2,0,6,WesternIndianIsland,,49.5515,54.27346,
27-Nov-17,2,0,0,0,0,7,20,29,WesternIndianIsland,,49.54676,54.28167,
28-Nov-17,0,0,1,0,0,0,12,17,SoccerField,FO2016006,49.67519,54.21505,
28-Nov-17,2,0,0,0,0,0,1,3,Hospital,,49.66512,54.22469,
28-Nov-17,0,0,0,0,0,0,4,4,Near Hospital,,49.67935,54.23327,
29-Nov-17,0,0,2,0,0,2,0,5,SoccerField,,49.66553,54.22085,
19-May-18,,,3,,0,,,5,JBA,"FO2016010, FO2017019",49.72984,54.15348,
19-May-18,,,1,,0,,,2,Turpins,,49.70952,54.08431,
19-May-18,2,,,,0,,1,3,StagHarbour,,49.57757,54.29694,
29-May-18,,,1,,0,,,1,LionsDen,FO2016003,49.69655,54.25611,Likely not pregnant
30-May-18,,,2,,0,,,6,CapeCove,F02016014,49.65568,54.00869,Neither F looked pregnant
30-May-18,,,2,,0,,,5,CapeCove,,49.66728,54.04709,"One F with antler likely pregnant, other not"
30-May-18,,,1,,0,,,2,CapeCove,,49.66728,54.04709,"Didn't look prgenant, possibly two from group above (same location)"
31-May-18,1,,,,0,,,1,StagHarbour,,49.5876,54.2516,
31-May-18,,,1,,0,,,1,WatermanBrook,,49.67921,54.26167,
31-May-18,,1,,,1,,,1,WatermanBrook,,49.67833,54.26812,
31-May-18,,,1,,0,,,1,WatermanBrook,,49.68752,54.27788,
31-May-18,,,,,0,,,2,Turpins,,49.72502,54.1099,Calf yellow 38 (Plum)
31-May-18,,,,,0,,1,2,Turpins,,49.73107,54.10144,
31-May-18,,,2,,0,,,5,Turpins,,49.7267,54.14289,
31-May-18,,,1,,0,,,1,Turpins,,49.72655,54.13712,
01-Jun-18,,,2,,0,,,2,CentreIsland,FO2016009,49.7019,54.14829,
01-Jun-18,,,1,,0,1,,2,JBA,FO2016010,49.74509,54.13656,Captured her calf (Ottawa)
01-Jun-18,,,1,,0,1,,3,JBA,FO2016015,49.7367,54.11474,"Could not catch calf, too motile"
01-Jun-18,,,1,,0,1,,3,JBA,FO2016015,49.7367,54.11474,
01-Jun-18,,,1,,0,,,3,JBA,,49.73457,54.15664,
01-Jun-18,,,1,,0,,,4,JBA,,49.73465,54.11883,
01-Jun-18,,,1,,0,,,1,CentreIsland,,49.66257,54.16887,
01-Jun-18,,,2,,0,2,,4,CentreIsland,,49.67626,54.15042,
01-Jun-18,,,3,,0,,,3,JBA,,49.73457,54.15664,
01-Jun-18,,,1,,0,,,4,JBA,,49.73465,54.11883,
02-Jun-18,,,2,,0,2,,4,LionsDen,FO2016004,49.70733,54.25001,Captured calf of non-collared female (Sydney)
02-Jun-18,,,1,,0,1,,2,Turpins,FO2018001,49.72556,54.12547,Captured calf (Winnie)
02-Jun-18,,,1,1,1,,,2,LionsDen,,49.70947,54.24528,Captured calf (Montie)
02-Jun-18,,,2,,0,,,6,Tilting,,49.6973,54.09687,
02-Jun-18,,,,,0,,,1,Tilting,,49.70764,54.10368,
03-Jun-18,,,1,,0,1,,2,JBA,"FO2016010, FO2018003",49.74601,54.14211,
03-Jun-18,,,1,,0,,,2,DeepBay,FO2017012,49.67165,54.3084,Captured calf (Iqaluit)
03-Jun-18,,,,1,1,,,1,JBA,,49.72932,54.1197,
03-Jun-18,,,1,,0,,,1,JBA,,49.71453,54.11065,Likely pregnant
03-Jun-18,,,3,,0,,,3,JBA,,49.7087,54.09054,2 likely pregnant
03-Jun-18,,,2,,0,,,2,JBA,,49.71643,54.10639,
04-Jun-18,,,3,,0,3,,6,LionsDen,FO2016004,49.72458,54.23603,
04-Jun-18,,,2,,0,1,,3,CentreIsland,,49.65606,54.15962,
04-Jun-18,1,,,,0,,,1,CentreIsland,,49.66467,54.16977,
05-Jun-18,1,1,,,1,,,3,WesternIndianIsland,FO2017002,49.55225,54.28872,
05-Jun-18,,,,,0,,,2,WesternIndianIsland,,49.55455,54.26942,
05-Jun-18,2,,,,0,,,2,WesternIndianIsland,,49.55075,54.28406,
05-Jun-18,,,,,0,,,2,WesternIndianIsland,,49.55165,54.29656,
05-Jun-18,,,,,0,,,1,WesternIndianIsland,,49.54332,54.30905,
05-Jun-18,1,,,,0,,,1,WesternIndianIsland,,49.54229,54.32366,
05-Jun-18,,,1,,0,,,3,WesternIndianIsland,,49.53955,54.321112,
06-Jun-18,,,1,,0,1,,2,Seldom,FO2017004,49.60767,54.24022,
07-Jun-18,,,2,,0,,,5,Tilting,FO2016014,49.69818,54.09289,
07-Jun-18,,,1,,0,1,,2,CapeCove,FO2017003,49.65168,54.07533,
07-Jun-18,,,1,,0,,,6,Tilting,FO2017006,49.69843,54.09554,collar may be broken
07-Jun-18,,,1,,0,,,6,Turpins,FO2018002,49.72427,54.11012,
07-Jun-18,,,1,,0,,,3,Turpins,FO2018002,49.71942,54.09093,
07-Jun-18,,,,1,1,,,1,Turpins,,49.71784,54.10335,
07-Jun-18,,,1,,0,,,1,Tilting,,49.6972,54.09162,pregnant
07-Jun-18,,,1,,0,,,3,Turpins,,49.71852,54.08712,
07-Jun-18,,,,,0,,,1,CapeCove,,49.65553,54.04609,
07-Jun-18,,,,,0,,,1,CapeCove,,49.65217,54.04261,
08-Jun-18,,,7,,0,6,,13,JBA,"FO2016010, FO2016015, FO2018003",49.7452,54.12654,
08-Jun-18,1,,,,0,,,1,JBA,,49.73167,54.14682,
08-Jun-18,,,1,,0,1,,2,JBA,,49.73813,54.11758,Captured calf (Whitehorse)
08-Jun-18,,,1,,0,,,1,JBA,,49.7388,54.1182,
08-Jun-18,,,1,,0,1,,2,JBA,,49.74265,54.11236,
08-Jun-18,,,,,0,,,1,CapeCove,,49.65649,54.02283,
08-Jun-18,,,1,,0,,,1,CapeCove,,49.66648,54.03975,
09-Jun-18,,,2,,0,,,2,Tilting,FO2017008,49.68721,54.06557,
09-Jun-18,,,2,,0,2,,4,Tilting,FO2017009,49.69202,54.07967,
09-Jun-18,,,1,,0,1,,2,Tilting,,49.6888,54.06973,
09-Jun-18,,,4,,0,3,,7,LionsDen,,49.71524,54.246,
11-Jun-18,,,3,,0,3,,6,LionsDen,"FO2016004, FO2018004",49.71724,54.24047,
11-Jun-18,,,1,,0,,,1,LionsDen,,49.72182,54.23597,
14-Jun-18,,,2,,0,2,,4,DeepBay,"FO2017007, FO2017012, FO2018007",49.674,54.31301,
16-Jun-18,,,3,,0,3,,6,LionsDen,FO2016004,49.71955,54.2417,
16-Jun-18,,,,,0,,,2,LionsDen,,49.70314,54.24797,
21-Aug-18,,,1,,0,1,,2,JBA,"FO2016010, FO2018003",49.74719,54.15389,
22-Aug-18,,,1,,0,1,,2,LionsDen,FO2016004,49.71486,54.23854,
22-Aug-18,,,1,,0,,,1,IslandHarbor,FO2017012,49.64034,54.28174,
22-Aug-18,1,,,,0,,,1,IslandHarbor,,49.6377,54.28291,
02-Nov-18,7,1,10,1,2,3,4,26,SoccerField,"FO2016013, FO2016007, FO2017022, FO2017018",49.66553,54.22085,
02-Nov-18,,,2,,0,,,2,Turpins,"FO2018001, FO2018002",49.735,54.11289,
03-Nov-18,7,1,5,1,2,2,4,20,SoccerField,"FO2016013, FO2016007, FO2017022, FO2017018",49.66553,54.22085,
03-Nov-18,3,,1,,0,2,10,16,LionsDen,FO2016004,49.69968,54.24603,
03-Nov-18,,,4,,0,1,,5,CentreIsland,"FO2016014, FO2016009, FO2016002",49.67477,54.17201,
03-Nov-18,1,,2,,0,,,5,Hospital,FO2016013,49.66557,54.22395,
03-Nov-18,3,,3,,0,,18,24,SoccerField,"FO2016012, FO2016013, FO2017012, FO2017022",49.66553,54.22085,
04-Nov-18,,3,7,,3,4,5,19,CapeCove,"FO2017007, FO2017027",49.66329,54.02118,
04-Nov-18,,,,,0,,3,3,CapeCove,,49.66636,54.01775,
04-Nov-18,,,,,0,,2,2,CapeCove,,49.66478,54.01303,
05-Nov-18,14,,14,,0,6,24,61,SoccerField,"FO2016007, FO2016012, FO2016013, FO2017001, FO2017009, FO2017010, FO2017012, FO2017017, FO2017018, FO2017022",49.66553,54.22085,"Started with 36 individuals, 9 joined, 6 joined, 3 joined, 2 joined, and 5 joined"
05-Nov-18,,,2,1,1,,,3,CentreIsland,FO2016005,49.66641,54.19572,
06-Nov-18,13,,14,,0,6,30,63,Hospital,"FO2017001, FO2017009, FO2017004, FO2016012, FO2016013, FO2016007",49.66557,54.22395,Started at hopsital and moved away to behind hydro station 
06-Nov-18,,,3,,0,,,4,CentreIsland,FO2016005,49.66203,54.17024,
07-Nov-18,13,,7,,0,6,32,60,SoccerField,"FO2017016, FO2017018, FO2017023, FO2017001, FO2017007, FO2017009, FO2017010, FO2016007, FO2016012, FO2016013",49.66553,54.22085,
07-Nov-18,3,,5,,0,2,4,15,GravelPit,"FO2016004, FO2017017",49.70103,54.2457,
07-Nov-18,1,,3,,0,1,,5,Hospital,,49.66557,54.22395,
08-Nov-18,1,,5,,0,2,,8,WesternIndianIsland,"FO2016011, FO2017002",49.55404,54.25719,
08-Nov-18,,,,,0,,2,2,WesternIndianIsland,,49.54751,54.27366,
08-Nov-18,4,,10,,0,3,11,28,WesternIndianIsland,,49.54681,54.29572,
09-Nov-18,6,,2,,0,,6,14,Hospital,"FO2016013, FO2017012",49.66557,54.22395,
09-Nov-18,10,,5,,0,5,14,36,SoccerField,"FO2017016, FO2016006, FO2016007, FO2016012, FO2017010, FO2017001",49.66553,54.22085,
10-Nov-18,,,1,,0,,,1,CentreIsland,FO2016014,49.69888,54.13933,
10-Nov-18,,,3,,0,,,3,CentreIsland,"FO2016014, FO2016009, FO2016002",49.69748,54.12819,
11-Nov-18,,,,,0,,,2,Tilting,,49.69736,54.09527,
11-Nov-18,1,,2,,0,,,5,Hospital,,49.66557,54.22395,
12-Nov-18,2,,6,,0,3,21,32,SoccerField,"FO2017001, FO2017010, FO2017012, FO2016007, FO2016013, FO2016012",49.66553,54.22085,
12-Nov-18,3,,,,0,3,,6,JBA (town),"FO2016019, FO2018006",49.73159,54.15527,
12-Nov-18,,,3,,0,,,3,JBA (town),FO2018002,49.72578,54.15344,
12-Nov-18,,,1,,0,1,,2,Tilting,FO2016015,49.68294,54.10032,
13-Nov-18,3,,,,0,,6,9,Hospital,,49.66557,54.22395,
13-Nov-18,1,,7,,0,2,,10,SoccerField,"FO2016012, FO2016014",49.66553,54.22085,Started with 10 and joined by other 9 from hospital
13-Nov-18,,,1,,0,,,1,CentreIsland,FO2016005,49.6608,54.17554,
21-Feb-19,,,,,,,,35,JBA (town),"FO2016002, FO2017027, FO2016019, FO2017001",49.72046,54.1541,
21-Feb-19,,,1,,2,,,3,JBA,FO2018001,49.74701,54.14622,
26-May-19,,,1,,,,,1,Turpins,,49.71759,54.09192,
26-May-19,,,1,,,,,1,Turpins,FO2016015,49.71201,54.09192,
26-May-19,,,2,,1,,,3,Tilting,FO2019001,49.69811,54.09057,
27-May-19,1,,4,,5,,,10,Tilting,,49.70812,54.08877,
27-May-19,,,1,,,,,1,CapeCove,FO2017008,49.67275,54.04898,
27-May-19,,,,,1,,,1,CapeCove,,49.66559,54.04564,
27-May-19,,,,,1,,,1,CapeCove,,NA,NA,
27-May-19,,,1,,,,,1,CapeCove,FO2016014,49.65696,54.04564,
27-May-19,,,,,3,,,3,CapeCove,,49.66576,54.04269,
27-May-19,1,,,,,,,1,CapeCove,,49.68133,54.05478,
28-May-19,1,,1,,,,,2,CentreIsland,,49.66295,54.16824,
28-May-19,,,1,,,1,,2,CentreIsland,"FO2017003, FO2019006",49.65735,54.18772,
28-May-19,1,,,,,,,1,CentreIsland,,49.66341,54.17448,
29-May-19,,,1,,,,,1,CapeCove,FO2016014,49.65696,54.01996,
29-May-19,,,,,1,,,1,CapeCove,,49.66645,54.01695,
29-May-19,1,,,,,,,1,CapeCove,,49.6838,54.05433,
30-May-19,1,,1,,,,,2,LionsDen,FO2017018,49.70314,54.25158,
30-May-19,,,1,1,,,,2,LionsDen,,49.70563,54.2535,
30-May-19,2,,1,,,,,3,LionsDen,,49.71087,54.25131,
30-May-19,,,1,,,1,,2,LionsDen,"FO2016004, FO2019008",49.70943,54.2541,
30-May-19,,,1,,1,,,2,LionsDen,,49.7074,54.24723,
30-May-19,,,1,,,,,1,Tilting,FO2019001,49.69777,54.09338,
30-May-19,,,1,,,1,,2,Tilting,FO2019007,49.69706,54.09949,
30-May-19,,,1,,2,,,3,Tilting,,49.69588,54.09338,
30-May-19,,,2,,,,,2,Tilting,,49.69777,54.09872,
30-May-19,,,2,,3,,,5,Tilting,,49.69893,54.09424,
31-May-19,,,1,,,1,,2,DeepBay,"FO2017007, FO2019009",49.67072,54.3091,
31-May-19,,,,,1,,,1,DeepBay,,49.67029,54.30914,
31-May-19,,,2,,,2,,4,CentreIsland,"FO2016013, FO2019011",49.65689,54.20393,
31-May-19,,1,1,1,,,,3,JBA,,49.73741,54.15142,
31-May-19,,1,2,1,4,,,8,JBA,,49.7438,54.13702,
31-May-19,,,1,,,1,,2,JBA,FO2019010,49.7438,54.13702,
31-May-19,,,1,,,1,,2,JBA,FO2019012,49.74364,54.11965,
31-May-19,,,,,1,,,1,JBA,,49.72512,54.12225,
31-May-19,,,1,,,,,1,CentreIsland,F02016009,49.7029,54.14268,
31-May-19,,,,,2,,,2,CentreIsland,,49.70145,54.14717,
01-Jun-19,,1,,,,,,1,WesternIndianIsland,,49.54785,54.25638,
01-Jun-19,,,1,,,,,1,WesternIndianIsland,FO2016011,49.55404,54.26271,
01-Jun-19,,,1,,,,,1,WesternIndianIsland,,49.55155,54.27502,
01-Jun-19,1,2,,,,,,3,WesternIndianIsland,,49.55141,54.27889,
01-Jun-19,2,1,,,,,,3,WesternIndianIsland,,49.55044,54.2782,
01-Jun-19,,,,,2,,,2,Turpins,,49.71008,54.09042,
01-Jun-19,,,1,,,,,1,Turpins,F02016015,49.71412,54.08518,
01-Jun-19,,,,,4,,,4,Turpins,,49.70957,54.08552,
01-Jun-19,,,1,,,1,,2,Turpins,,49.72249,54.09901,
01-Jun-19,1,1,,,,,,2,Hospital,,49.70993,54.08991,
02-Jun-19,,,,,5,,,5,JBA (town),FO2017017,49.43585,54.923,
02-Jun-19,,,2,,6,,,8,JBA,FO2016002,49.73485,54.15644,
02-Jun-19,1,,,,1,,,2,CentreIsland,,49.70567,54.16344,
02-Jun-19,,,1,,,,,1,CentreIsland,,49.70618,54.16355,
02-Jun-19,,,1,,,,,1,WatermanBrook,,49.71821,54.24778,
02-Jun-19,,1,,,,,,1,WatermanBrook,,49.71814,54.25182,
02-Jun-19,,1,2,,,,,3,WatermanBrook,F02016002,49.74657,54.15686,
02-Jun-19,,,1,,1,,,2,Tilting,F02019001,49.69778,54.08934,
02-Jun-19,,,,,1,,,1,Tilting,,49.70128,54.09252,
02-Jun-19,,,,,1,,,1,Tilting,,49.70292,54.09579,
02-Jun-19,,,1,,,,,1,Tilting,,49.70391,54.09905,
02-Jun-19,,,1,,1,,,2,Tilting,,49.70504,54.09843,
02-Jun-19,,,1,,1,,,2,Tilting,F02018002,49.70871,54.10427,
02-Jun-19,,,1,,,,,1,Tilting,,49.71518,54.09542,
02-Jun-19,,,1,,,1,,2,Tilting,F02016015,49.73243,54.10424,
02-Jun-19,,,1,,,,,1,Tilting,,49.71618,54.08749,
03-Jun-19,,,1,,,,,1,lionsDen,F02016005,49.69332,54.22202,
03-Jun-19,1,,,,,,,1,Tilting,,49.69694,54.10202,
03-Jun-19,,,2,,,2,,4,Tilting,F02019006,49.70001,54.10744,
03-Jun-19,,,1,,,,,1,DeepBay,F02017007,49.67088,54.30868,
04-Jun-19,,,1,,,,,1,DeepBay,F02017007,49.67088,54.30868,
04-Jun-19,,,,1,,,,1,DeepBay,,49.67355,54.31272,
04-Jun-19,,,1,,,1,,2,DeepBay,"FO2017014, FO2019014",49.671,54.31855,
04-Jun-19,,,1,,,,,1,LionsDen,,49.71572,54.24121,
04-Jun-19,,,,,,,1,1,Tilting,,49.70152,54.09892,
04-Jun-19,,,2,,3,,,5,Tilting,,49.70379,54.09863,
04-Jun-19,,,,,,,1,1,Tilting,,49.69465,54.10124,
04-Jun-19,1,,,,,,,1,Tilting,,49.71046,54.10261,
04-Jun-19,,,2,,3,,,5,Tilting,,49.71093,54.10421,
04-Jun-19,,,1,,,,,1,Turpins,F02016002,49.71837,54.11241,
04-Jun-19,,,1,,,1,,2,Turpins,,49.72652,54.11386,
04-Jun-19,,,,,3,,,3,Turpins,,49.70971,54.08445,
04-Jun-19,,,,,1,,,1,Turpins,,49.71636,54.018745,
04-Jun-19,,,1,,1,,,2,Turpins,F02016002,49.7191,54.09001,
04-Jun-19,,,1,,,1,,2,Turpins,F02016015,49.74126,54.11032,
04-Jun-19,,,3,,,2,,5,Turpins,F02018002,NA,NA,
04-Jun-19,,,10,,,8,,18,JBA,,49.74535,54.11428,
05-Jun-19,,,1,,,,,1,Tilting,,49.69801,54.09625,
05-Jun-19,,,,,1,,,1,Tilting,,49.70022,54.10205,
05-Jun-19,,,,,2,,,2,Tilting,,49.70095,54.09268,
05-Jun-19,,,4,,2,3,,9,Tilting,FO2016009 & FO2019007,49.69896,54.08934,
05-Jun-19,,,2,,6,,,8,Tilting,F02019001,49.70255,54.11147,
05-Jun-19,,,,,4,,,4,Tilting,,49.70575,54.11572,
05-Jun-19,,,1,,1,,,2,Tilting,F02017010,49.7064,54.11663,
05-Jun-19,,,1,,,1,,2,JBA,"FO2016015, FO2019013",49.74545,54.12577,
05-Jun-19,,,1,,,1,,2,JBA,"FO2018002, FO2019015",49.74323,54.10573,
05-Jun-19,1,,2,,,2,,5,JBA,"FO2016015, FO2019013, FO2018002, FO2019015",49.74496,54.12868,
05-Jun-19,1,,7,,,6,,14,JBA,"FO2018002, FO2019015, FO2019015, FO2019012, FO2019016",49.74578,54.13622,
06-Jun-19,,,,,1,,,1,LionsDen,,49.6878,54.22288,
06-Jun-19,,,1,,,,,1,CentreIsland,F02016002,49.70324,54.12603,
06-Jun-19,,,1,,,1,,2,CapeCove,FO2019017,49.65633,54.01636,
06-Jun-19,,,2,,,2,,4,CapeCove,,49.65179,54.00743,
06-Jun-19,,,3,,,3,,6,CapeCove,FO2019002,49.65097,54.001,
06-Jun-19,,,,,1,,,1,CapeCove,,49.65445,54.00597,
06-Jun-19,,,1,,,1,,2,CapeCove,,49.65644,54.00018,
06-Jun-19,,,2,,,1,,3,CapeCove,,49.65728,54.9989,
06-Jun-19,,,3,,,2,,5,CapeCove,FO2019007,49.65623,54.00631,
07-Jun-19,,,4,,,4,,8,CapeCove,"FO2019002, FO2019018",49.65991,54.00409,
07-Jun-19,,,3,,,2,,5,CapeCove,"FO2019002, FO2019019",49.65201,54.00621,
07-Jun-19,,,1,,,1,,2,CapeCove,,49.65895,54.00208,
07-Jun-19,,,3,,,3,,6,CapeCove,"FO2018002, FO2019018",49.65205,54.01481,
07-Jun-19,,,1,,2,1,,4,Tilting,F02016006,49.69639,54.10084,
07-Jun-19,,,1,,1,,,2,Tilting,FO2019001,49.70006,54.10426,
07-Jun-19,,,2,,,,,2,Tilting,F02017010,49.6983,54.10802,
07-Jun-19,,,1,,,,,1,Tilting,F02016002,49.6983,54.10568,
07-Jun-19,,,5,,,,,5,Tilting,"F02016002, F02017010",49.69803,54.10273,
07-Jun-19,,,4,,2,,,6,Tilting,,49.69151,54.11061,
07-Jun-19,,,1,,,1,,2,Tilting,,49.69511,54.11193,
08-Jun-19,,,,,,,1,1,CentreIsland,,49.63401,54.1355,
08-Jun-19,,,1,,,,,1,CentreIsland,FO2016005,49.66122,54.17571,
09-Jun-19,,,,1,,,,1,Tilting,,49.70634,54.09919,
09-Jun-19,,,2,,1,,,3,Tilting,,49.70427,54.11412,
09-Jun-19,,,1,,,,,1,Tilting,FO2016002,49.70396,54.12281,
09-Jun-19,,,1,,,,,1,Tilting,FO2017010,49.70582,54.10628,
09-Jun-19,,,4,,,,,4,Tilting,,49.70554,54.10389,
09-Jun-19,1,,1,,2,,,4,EasternIndianIsland,,49.54079,54.23009,
09-Jun-19,,,2,,5,,,7,EasternIndianIsland,,49.53916,54.23337,
09-Jun-19,,,2,,,2,,4,EasternIndianIsland,,49.54187,54.21993,
09-Jun-19,,,1,,,1,,2,EasternIndianIsland,,49.53657,54.21114,
10-Jun-19,,,8,,,3,,11,JBA,"F02016015, F02019013, F02019012, F02019016",49.74223,54.1418,
10-Jun-19,,,2,,,2,,4,JBA,"F02019012, F02019016, F02019020",49.74664,54.12064,
10-Jun-19,,,3,,1,2,,6,JBA,"F02016015, F02019016, F02019013",49.74117,54.12109,
11-Jun-19,,,1,,,1,,2,JBA,"F02019001, F02019021",49.74191,54.13681,
11-Jun-19,,,7,,1,4,,12,JBA,"F02016015, F02019001, F02019012, F02019021, F02019013",49.74364,54.13382,
12-Jun-19,,,,1,,,,1,Turpins,,49.72794,54.1021,
12-Jun-19,,1,,,,,,1,Tilting,,49.70504,54.09837,
12-Jun-19,1,,,,,,,1,CellTower,FO2016019,49.70954,54.11747,
12-Jun-19,,,1,,,,,1,CellTower,FO2016002,49.70449,54.11598,
13-Jun-19,2,,1,,,,,3,CellTower,"FO2016019, FO2016002",49.70686,54.12375,
20-Jun-19,,,1,,,,,1,CellTower,FO2016002,49.70144,54.12541,
21-Jun-19,,,4,,,3,,7,CapeCove,"FO2019002, FO2019007, FO2019017",49.65063,54.00911,
02-Nov-19,3,,9,,,3,,15,SoccerField,FO2016015,49.66553,54.22085,
02-Nov-19,1,,3,,,1,,5,Airport,,49.66283,54.22119,
02-Nov-19,1,,2,,,,,3,KellysPit,"FO2016002, FO2016009",49.69666,54.1415,
03-Nov-19,,,1,,,,,1,CapeCove,,49.66512,54.04484,
03-Nov-19,1,,,,,,,1,CapeCove,,49.66616,54.04728,
03-Nov-19,2,,7,,,2,,11,CapeCove,"FO2016013, FO2019002, FO2019017",49.65171,54.03803,
03-Nov-19,1,,1,,,1,,3,CapeCove,,49.65711,54.04807,
03-Nov-19,1,,,,,,,1,CapeCove,,49.05818,54.0402,
03-Nov-19,1,,2,,,,2,5,CapeCove,,49.65957,54.01437,
03-Nov-19,,,1,,,1,,2,CapeCove,,49.66253,54.01053,
03-Nov-19,2,,4,,,1,,7,CapeCove,FO2019019,49.66642,54.01584,
04-Nov-19,1,,6,,,1,,8,SoccerField,"FO2016012, FO2016013",49.66553,54.22085,
04-Nov-19,2,,2,,,1,,5,LionsDen,,49.70443,54.23011,
04-Nov-19,1,,2,,,1,,4,ShoalBay,"FO2019004, FO2019018",49.68772,54.18905,
05-Nov-19,1,,13,,,3,,17,SoccerField,"FO2019001, FO2016012, FO2016013, FO2016015, FO2017023",49.66553,54.22085,
05-Nov-19,3,,3,,,2,,8,JBA,FO2019016,49.72963,54.11806,
05-Nov-19,1,,4,,,1,,6,JBA,,49.7284,54.12073,
05-Nov-19,,,2,,,1,,3,JBA,"FO2018002, FO2019015",49.73288,54.14753,
05-Nov-19,3,,7,,,2,,12,ShoalBay,,49.67107,54.20001,
05-Nov-19,1,,2,,,1,,4,ShoalBay,"FO2019004, FO2019018",49.6791,54.19651,
06-Nov-19,3,,5,,,1,,9,CentreIsland,FO2017012,49.65914,54.17986,
06-Nov-19,5,,10,,,1,,16,CentreIsland,"FO2016005, FO2017010, FO2016013",49.66087,54.18365,
06-Nov-19,1,,2,,,,,3,CentreIsland,FO2017010,49.66473,54.16874,
07-Nov-19,2,,6,,,2,,10,SoccerField,"FO2019018, FO2019004",49.66553,54.22085,
07-Nov-19,9,,9,,,3,,21,SoccerField,FO2017012,49.66553,54.22085,
08-Nov-19,13,,21,,,3,,37,SoccerField,"FO2016013, FO2017018, FO2019004, FO2019018",49.66553,54.22085,
08-Nov-19,,,1,,,1,,2,ShoalBay,,49.68772,54.18905,
09-Nov-19,15,,24,,,3,,42,SoccerField,"FO2019001, FO2019004, FO2017010, FO2016013, FO2017007, FO2017014, FO2016006, FO2017018, FO2017023, FO2017016",49.66553,54.22085,
16-Nov-19,2,,4,,,2,,8,Hospital,FO2017023,49.66512,54.22469,
16-Nov-19,2,,7,,,1,,10,baseballField (JBA),FO2016019,49.73262,54.15871,
16-Nov-19,17,,42,,,9,,68,soccerField,"FO2016015, FO2016007, FO2017010, FO2017001, FO2019004, FO2016002, FO2016006, FO2017016, FO2017023, FO2017018",49.66553,54.22085,
16-Nov-19,,,3,,,,1,4,ShoalBay,FO2016012,49.67134,54.21223,
16-Nov-19,7,,15,,,3,,25,soccerField,"FO2017010, FO2017023, FO2019018",49.66553,54.22085,
17-Nov-19,9,,20,,,1,,30,soccerField,"FO2016013, FO2016006, FO2016007, FO2017012, FO2019001, FO2017023",49.66553,54.22085,
17-Nov-19,2,,7,,,,,9,Hospital,,49.67117,54.22933,
17-Nov-19,5,,4,,,4,20,33,CentreIsland,"FO2017008, FO2019002, FO2016002, FO2019004, FO2017016",49.6729,54.20189,
17-Nov-19,1,,4,,,,,5,ShoalBay,"FO2016009, FO2019003",49.68577,54.21309,
17-Nov-19,2,,5,,,1,,8,CentreIsland,FO2016007,49.66301,54.21309,
18-Nov-19,,,7,,,1,58,66,SoccerField,"FO2016007, FO2019003, FO2016006, FO2017010, FO2016015, FO2019001, FO2017001, FO2019018",49.66553,54.22085,
18-Nov-19,2,,2,,,,,4,WesternIndianIsland,FO2016021,49.65296,54.31046,
18-Nov-19,3,,10,,,,,13,WesternIndianIsland,,49.54739,54.28299,
18-Nov-19,7,,13,,,1,,21,WesternIndianIsland,FO2019005,49.55341,54.27201,
19-Nov-19,2,,3,,,1,,6,SoccerField,,49.66553,54.22085,
19-Nov-19,,,1,,,,,1,CentreIsland,,49.67114,54.21476,
19-Nov-19,6,,12,,,3,,21,CentreIsland,"FO2019001, FO2019018",49.67291,54.20334,
19-Nov-19,1,,2,,,,,3,ShoalBay,FO2016002,49.68798,54.18897,
20-Nov-19,4,,7,,,,,11,Hospital,"FO2016007, FO2017018, FO2017023",49.67117,54.22933,
20-Nov-19,10,,17,,,,,27,SoccerField,"FO2017001, FO2017012, FO2016004, FO2017016, FO2017018, FO2017023",49.66553,54.22085,
20-Nov-19,9,,13,,,1,,23,ShoalBay,"FO2016002, FO2019004",49.68719,54.18401,
20-Nov-19,2,,7,,,,,9,ShoalBay,"FO2019001, FO2016013, FO2017017",49.69744,54.17994,
20-Nov-19,,,7,,,,32,39,ShoalBay,"FO2016013, FO2019001, FO2016009, FO2017017, FO2016002, FO2019004, FO2016015",49.69579,54.17752,
21-Nov-19,1,,,,,,,1,FogoRoad,,49.68862,54.23994,
21-Nov-19,,,1,,,,,1,RCMPoffice,,49.67714,54.22625,
21-Nov-19,,,2,,,,,2,CentreIsland,FO2016015,49.69947,54.15062,
21-Nov-19,,,5,,,,,5,CentreIsland,FO2016009,49.70235,54.14941,
21-Nov-19,9,,26,,,4,,39,CentreIsland,"FO2019001, FO2019003, FO2016015, FO2016013, FO2017022, FO2017017",49.69691,54.14369,
22-Nov-19,2,,4,,,1,,7,Tilting,FO2017008,49.70048,54.06023,
22-Nov-19,,,3,,,,,3,Tilting,,49.69839,54.66059,
22-Nov-19,,,1,,,,,1,DeepBay,FO2017014,49.67079,54.3089,